PC1,PC2,PC3,PC4,PC5,PC6,PC7,PC8
-2.74455833591314,-0.924452168996374,-0.276350078937017,-0.542301298701047,0.791735644419977,0.441466828491285,-0.0233238285395816,-0.137897592295047
-3.5468451004247,-1.05295335480839,-0.0333983643904745,-0.351643760127596,0.500874160778906,-0.040053773580904,-0.192785509968049,0.0929706446031283
-3.04862504754288,-1.16082881074925,0.0676802441510336,-0.673500292300474,0.749973798271554,0.159995697789891,-0.187002303770447,-0.0778892791840415
-2.9939011312281,-1.03151195735176,-0.236570470211086,-0.477086068563921,0.557211369540442,0.151801450049235,-0.341332728560283,-0.133619405427243
-2.99029239032091,-1.22760258581594,0.0657819927948855,-0.80560726144776,0.615455156432878,0.431375766692408,-0.112755253603906,-0.1874351438568
-4.6399343469472,-1.15631941391871,0.567933371034006,-0.178523413862765,0.492532271423331,-0.54264554075198,0.270012051924941,0.341416494957682
-5.10785658555569,-1.36990925022751,0.899028448351086,-0.242151016340562,0.379859734687873,-0.81613435935367,0.142565302455609,0.488038252726448
-5.03083224797072,-1.45920889859639,0.965401854711403,-0.387616805041709,0.341077245019455,-0.679881467869253,0.162252991073201,0.394130833783674
-5.09841549185171,-1.2085094886005,0.714418205788655,-0.00720957940806588,0.39362132235503,-1.00688639945338,0.0988155439785081,0.478239417318969
-4.31581629867732,-1.53738722019639,0.802972996965837,-0.723725632040035,0.425625094876517,-0.238207441778103,-0.0447301213139731,0.230304089788556
-3.81072805048694,-1.3051150911154,0.345466817953702,-0.626141298143195,0.552914077814913,0.0276894050245653,-0.211662391575448,0.367231815647859
-3.80418988179558,-1.63612735443689,0.648207516391846,-1.06366023420497,0.282818601568912,0.416745062446298,-0.0562110899053613,-0.00120671904748661
-3.82520591262826,-1.24362248133974,0.352341195475969,-0.695542558675292,0.603224823132088,0.449888680820268,0.195442017444724,0.437518921335627
-4.46121067112783,-1.54431980810783,0.68356375924952,-0.510122080873806,0.607094739869551,-0.904032680944323,-1.05487716851877,1.06156381565671
1.14025229334142,-2.41494012314965,-0.566825404951141,0.479056834626931,-0.112552036109508,-0.0225197938775424,0.148725173570118,0.00199740077863308
-0.634561875259778,-0.661069678091165,-1.29415800600062,-0.684786562123289,0.58286754558261,0.112941113404256,-0.00674651623474882,-0.15292078653995
-0.828315257961412,-0.709423283294795,-1.43469363670615,-0.647778069678234,0.215657311069158,0.25866208975434,-0.215939787827648,-0.0608334254998099
-0.428915733392642,-0.611122135165161,-1.50461005846169,-0.702299939322637,0.576517776633065,0.324075667695241,-0.190836659026153,0.0133755737159997
1.48874041869777,-2.52891004178259,-0.404674085280549,0.210789263806634,0.160633099179471,0.0320838427865548,0.117616174209579,-0.0635232576597139
2.22469418646566,-0.837821779969037,-2.36272611945639,0.198662912568858,0.481439710401358,0.154846511198075,-0.190233619288016,0.188393806776957
1.03401537686935,-1.24807323950258,-1.47445331257481,0.117265816343131,0.0859043156661293,-0.372118201711151,0.324313296867825,-0.194097239036463
0.793489204457622,-1.81117226391126,-0.851463998510393,-0.522581783206158,-0.089275733448904,-0.0975295190998588,0.231608375616043,-0.167264100537519
1.12099420563704,-1.35842582472765,-1.43818222275384,0.0263194164059441,0.0958951120148285,-0.505799520663514,-0.0128588056929382,-0.125415863715162
0.511748606925236,-2.23351507612844,-0.197038385814539,-0.902549400492022,0.0432108122652397,-0.424282254494357,0.0663999140567026,-0.0858597069326525
-0.59920086742273,-0.775384211583894,-1.2570604416418,-0.852585151779149,0.516775096998014,0.313229067026803,-0.12422353445919,-0.0513771619511349
-4.52298788683873,-0.623179948790135,-0.437093189184319,0.719840919934609,-0.123329280549984,-1.06427651645387,-0.167744955261152,-0.183517259946897
-3.95338928470228,-0.531437307466036,-0.791872186878201,0.701056456214192,-0.16696040482023,-0.878246727871396,-0.374071212961381,-0.447774314071684
-4.19321656125957,-0.786599368520666,-0.35954750047072,0.455099031760577,-0.119274347714781,-0.97361278558448,-0.317258524112265,-0.429349344947608
-3.75481857644301,0.1339692035388,-1.62547298061745,1.48243072790174,-0.187331831972693,-1.04393468800682,-0.256641994282968,-0.522638594184016
1.54706613570036,-2.3528205891164,-0.234073644628935,0.238502534569307,0.0804360867232699,0.055506728824374,0.0776601874608097,-0.0467534662612639
0.748811207429435,-0.791227446102359,-1.08303056817565,-1.28128320705249,0.416713156192878,-0.520120998532217,0.142103482186229,0.0460051490352126
1.22040517747753,-2.42847287995642,-0.144558392435352,0.250465995997751,-0.110806429142625,0.0573559947274814,0.0810207226612981,0.0442015652662587
2.10128167172743,-0.0275374265864735,-2.54019855087805,-1.03318948588101,0.396891733897543,1.0343729314288,0.401693963884765,0.0894335492932375
-1.05620784759537,-0.934318296834118,-0.642453235125701,-1.10755335571776,0.253066883062841,0.434279846769805,-0.168891918218624,0.200665276156824
-1.36825845102083,-0.37836328552552,-1.25601513549417,-0.28445628555874,-0.102331058198043,0.181719339259,0.210748965744037,-0.112472242689266
-1.31761214354213,-0.351522491123043,-1.23049575666214,-0.32495591141336,0.0938479890257683,0.255032145985396,0.232558247680881,0.124595952907683
-1.08802302339597,-0.30136074260747,-1.22701706945051,-0.402645704419777,0.315341908533932,0.397394080453244,0.389144745143371,0.125839801459016
-1.1763545266694,-0.376200273271983,-1.20786147723871,-0.375461125628121,0.141787687217866,0.203467001417548,0.206897370044977,-0.0142303780369515
-3.73550094737133,-0.674144434901382,0.00260531433866631,-0.0226536556093738,0.262103684724939,-0.0565969050982259,0.145984733698131,-0.0886580437089817
-4.2035410004616,-0.667240628152813,0.216904624222723,0.0756171810860669,0.32427119580519,-0.194851564344664,0.376781671267544,0.164524133354522
-3.45132506751198,-0.403003498288951,-0.395232293034944,0.200076130084746,0.355669278663631,0.0427486334150019,0.117689749465287,-0.0036810142732162
-3.31008849276259,-0.525973280447829,-0.332458598093327,0.0319945837921612,0.259319136196796,0.131401131072953,0.0782494180366344,-0.243072289924185
-4.51713730287357,-0.59595761127807,0.168579991155642,0.28188931791242,-0.00306929847478643,-0.248262019301279,0.659280660937887,-0.160280558707954
-4.29015251595679,-0.505223038375893,0.0469669675400267,0.271467097341305,0.215472097565859,-0.121113538058284,0.599326124761876,0.0765892651116189
-4.52666354373555,-0.424394461045541,0.0859947267111999,0.436988115091443,0.14018933280315,-0.247107794716422,0.893365133945051,-0.103577037718278
-1.41603022103296,-0.783974203089327,-0.700669891231911,-0.809483565673711,0.174971766643691,0.231715449542917,-0.00583880231363505,0.271076589586178
0.896299430450974,-0.17031061984494,-2.17494751829191,-0.550753760597138,-0.00188784839825062,-0.233597719857197,0.00409915913542709,0.183218606870719
-1.24426529972591,-0.429734110130256,-1.04710282397353,-0.462809215544306,0.271282647948481,0.214240928632688,0.293329671722904,0.103191067834198
-1.15626116599291,-0.509520916189753,-1.05176641165822,-0.640631384750891,0.213048268228822,0.544769542970706,0.274218449877443,0.190526070604421
0.489006547884901,-1.08418158076659,-0.986865248117807,-1.55482098811013,-0.138661791294035,-0.0912978345650343,0.0291625710653599,-0.0244874594077184
1.11190142500033,-1.75408651175595,-0.42027867539848,-0.744639933299286,0.262793204323992,-0.179397870259549,0.112082397385325,-0.0190068747670162
2.10817158556952,-0.842244067014199,-1.68832203122086,0.137550242169257,0.590945149393982,-0.398377122373725,-0.0655552388264607,-0.164827634928787
1.53627519466563,-1.65741360612774,-0.560407283294086,-0.78105408343288,0.430294603904394,-0.0569535474060106,0.189635296115218,-0.209588313563046
2.67805188913354,-1.64104818040945,-1.22540361062897,0.79321720152756,0.649708490565244,-0.0756152369973425,-0.190636131389458,-0.0197788211138729
2.8129319174837,-1.82722809818262,-0.835378936205412,0.507996480247956,1.00802699819418,-0.228157035937404,-0.160877009365752,-0.0328105105276851
2.0514306251081,-0.946042197245965,-1.74480932612129,-0.0218548542013641,0.408152042397812,0.00075665063672721,-0.231484858355172,0.13353025067433
1.67059838107052,-0.0665218947710705,-2.41013010034762,-0.555501995804953,0.359641990264184,-0.501796139327435,-0.387866094261141,-0.0296382138716555
1.34976317258558,-2.00613833456719,-0.336288406675591,0.593924150972658,-0.240636060812154,-0.0135151515828381,-0.042637625126124,0.0873926639550273
1.13701114737118,-0.444096483748485,-1.44899209530104,-1.07089843983973,0.0312074735728512,-0.319199717302007,-0.184247252250918,-0.114271122895622
2.20362838773387,0.0511899856728358,-2.72890634258434,1.04618201004037,0.0573410547038086,-0.119835216792103,-0.270796180848133,0.137656133418899
0.727194798024223,0.00746291781590736,-2.08100714673647,-0.339698362466126,-0.29691241987902,-0.510399953801782,-0.300687744580639,0.211184117668933
0.686003026566003,-0.51937369824747,-1.43459389990509,-1.02566929153692,-0.320461673086625,-0.204180883383034,-0.228729560470517,0.0751699285425056
-3.75766102873204,-0.488639969664542,0.136714494195687,0.0422001451124951,0.0779111939320263,0.00656463057198516,0.126629605168677,-0.0847176199479594
-4.05949405503173,-0.430766414124059,0.277186825385186,0.168405048567541,0.273992771114595,-0.210422015539337,0.238298974844685,0.226614977817256
-3.17264199407208,-0.253019166017481,-0.231468284966247,0.15637454847518,0.283860958024274,0.0620350993368838,0.0768400727947618,-0.247874531069583
-3.42922894237559,-0.313381161898521,-0.116710074761297,0.123653638966231,0.262134138054604,0.113153495016114,0.086653271419944,0.0130744734464049
-2.9895583794623,-0.692704654265416,0.256624564453782,-0.439367325240251,0.435023048536887,0.180618797951607,-0.149457117733825,-0.230590917785348
-4.86222879487202,-0.634027321668728,0.606808592786982,0.262054776753513,-0.0792343780566528,-0.62088568752593,0.148286704741524,0.314461916640015
-3.62375433222951,-0.154900621908434,-0.243422985695861,0.376993822350081,0.118469833919536,0.0453254030706591,0.322565907936217,-0.134281056825848
-3.70043119237789,-0.191306928460901,-0.252523153116341,0.389983366145897,0.0197024764398556,-0.00213921975264152,0.202093886010009,-0.107277607681105
-4.22557016070232,-0.402126517880728,0.221399079810062,0.342393057354985,0.154380084544324,-0.500783031266394,0.0680118403834786,0.21131865432125
1.2752557792766,-2.48348900124126,-0.162445782677544,0.129418410220619,-1.20746335093351,0.0765722299306349,0.119396127781604,-0.0053388621035951
-3.0971060372877,-0.490908721605982,-0.0312797962767326,-0.141791216497026,0.247331248318047,0.163059592885652,-0.0916301106364083,-0.273646718543105
-2.96584143567144,-0.13694590897377,-0.545398361560822,0.178845333533911,0.137773493564556,0.486096409188163,0.109702155823077,-0.242071100721335
-2.94458178668242,0.191120129823623,-0.91897842312641,0.660307099841483,0.136376104008938,0.0965621187692035,0.0587199975468312,-0.34010465565683
-3.14646779469381,-0.194254234547533,-0.379291672963002,0.242063797584474,0.216798877289342,0.0661602202613534,-0.0389965175322157,-0.196214605518111
0.101640186185491,-1.4367383628506,-0.583624083165125,-0.107291968946994,-0.905895632689477,-0.234377558671512,0.192770664982292,-0.187608869309887
1.19046229698439,-0.824164828943049,-1.41650870153286,0.220240115361789,-0.253047771173866,-0.00706655069914325,0.0846967376243302,0.0719886831961003
0.958756481282908,-0.5138345800274,-1.70412029708933,0.730324020796169,-0.399653052549164,-0.344628509800852,0.259760737833521,-0.110284287294813
1.71079754010549,-0.881755206116625,-1.33391462030884,-0.00724514824549166,0.117733310338734,-0.0411024675330581,-0.0232662388525766,-0.0338627785242933
0.607006022781194,-0.550300731685071,-1.28421274972323,-1.06966825859789,-0.271096044438408,-0.216832339449031,-0.0172545152613898,-0.0248462391415201
1.78117816760758,-1.7436197008465,-0.54037354239382,0.800593157889698,0.145326633749049,-0.279830354014615,0.0205958135257108,-0.0665944275709189
1.04777492318401,-2.11515600812561,-0.134444538575935,0.518512012872772,-0.389941704562344,0.0694165237190607,0.171160378054881,0.0332448367295901
1.07307640162646,-0.734105132062037,-0.899757637789591,-1.47317059778342,0.238202859718035,-0.275789464842458,0.0772585337806239,-0.216986730683045
1.8121747658691,-1.86346561498867,-0.498155891799351,0.633932396403751,0.0743171613943484,-0.0990124894774758,-0.109982835314993,0.0267069765843212
-3.61830648932562,-0.231760506441412,0.146207480546324,0.229131791057665,0.0351655344880954,-0.238229351767958,-0.215034374681275,0.0126176960145171
-3.07989323899762,-0.537274579349501,0.313257856720772,-0.373472149279468,0.0739279628445091,0.338236329756853,-0.295624031644642,-0.167359074201452
-3.2709246066487,-0.151948669803286,-0.0360664578965989,0.081830145573155,0.12783140144919,0.344751442786995,-0.0389278856848192,0.112550132070382
-2.83175204167285,0.0810945838398346,-0.408671507237294,0.285883107295553,0.145497063751772,0.287233195394472,-0.0443177287367397,-0.256642468493642
-3.04020407560178,-0.327107843145719,0.147878496938355,-0.13986484750544,0.226091358115648,0.203080596173274,-0.210652068652578,-0.0969556661564813
-4.76000127761659,-0.254884640290552,0.654353207514805,0.456520825103852,-0.074395592727288,-0.520300376496637,0.478996366485877,0.204726816311464
-3.84324714112536,-0.15183375719504,0.261874328082116,0.150820603636578,0.149909951522226,0.330312164495522,0.458178480455077,0.267073542835997
-3.58082679933966,-0.10347629101852,0.0512422111889984,0.269521128961918,0.0385300691612425,0.0676038858015537,0.167475419204443,-0.0651319958943208
-3.11615643713026,0.102159237406725,-0.313502218086683,0.424617227314128,0.128417280988611,0.0322312636718602,0.0284450267371221,-0.238242156277721
-4.86607323713689,-0.430755439967874,0.90647202405993,0.34085438010026,0.0260347634457993,-0.822681660354063,0.219142940011427,0.330177814439481
-5.17660562162789,-0.40170288444793,0.945366295198923,0.488436308350974,-0.0834463290930866,-0.977681978417656,0.30042654753176,0.35218659352628
-3.7181493391754,-0.610697508932111,0.581775473159595,-0.242208864847672,0.039366943840306,-0.0310056833634413,-0.319284893874654,0.168984975526109
-0.904916529811083,0.0682313611657208,-1.06315949865711,-0.184429254311024,0.00988587398249172,0.0734055525079862,-0.133266374589539,0.0504374361414778
-0.985611198461363,0.381966166484935,-1.47094836378267,0.197773230975823,-0.0654288468565243,0.125218822931992,-0.0789978672099519,0.250367365325672
-0.848349248351126,-0.0298456613566796,-0.983062161702696,-0.354115252796188,0.0534011090881223,0.231598287408111,-0.199005746359871,0.179639698571927
-0.790949280192972,0.133853825677616,-1.14727599360304,-0.250540007291179,0.140761950116051,0.420432827755815,-0.0292020373915356,0.319092785097688
-0.395692138429034,-0.0279113183551538,-0.851229438688126,-0.492961235864958,0.441913662616831,0.0879628111805014,-0.060496388521648,-0.138123983160897
2.39307162846946,-0.200515037019844,-1.95677271389243,0.419741418128595,0.239838326520678,0.171219949038894,-0.241476395090061,0.199509720759876
-4.00349234998338,0.28885467092138,-0.235813304516967,0.755447913427833,-0.0530350239117363,0.198586970985669,0.724769295677221,0.109472550509218
-4.22166064718832,-0.0288165203510748,0.227398500270892,0.483937522035373,-0.0392582035319876,-0.029450295462483,0.61866869505312,0.0719329116891707
-3.87303796705043,-0.0630151789751498,0.137029954694916,0.432100983561664,-0.0116725670895358,-0.179508515485514,0.322029941877858,-0.141759839211449
-3.95487706810661,-0.23676174841195,0.255859254955042,0.314511992456159,-0.151870874394468,-0.274814499176777,0.0783687318672064,-0.165144814396146
-0.870365033280893,-0.229363832569715,-0.769661154130884,-0.602199117974075,0.043624167387801,0.333704504525704,-0.272497145326963,0.225789124241753
1.67907618309216,-1.28970303448941,-1.13184336875,1.29169734753561,-0.603227132647742,-0.00152658795773025,-0.395835046403725,0.128435083141534
1.01485512667467,0.25342360253981,-1.98039483695445,-0.390482975507864,-0.237474756355696,-0.186544332192386,-0.147707411905398,0.246200382347378
1.38702745987612,-1.66041210209304,-0.466326984114422,0.864794351103804,-0.501567535249322,0.0178622514094499,-0.125360648513405,0.0754304122337604
1.45067889431539,-2.34077234437613,-0.076509627199463,0.0679328144054292,-1.33099532651388,0.294571764195098,-0.0698464925238334,0.128593290642756
0.807556931178926,-0.011604684746925,-1.77801712621762,-0.565475638986053,-0.529527048902607,-0.258847859618995,-0.379869704981271,0.131646590319536
-0.426897330760705,-0.564815609577145,-0.465717332678713,-1.02011109279666,0.0995311811017656,0.137256754553248,-0.552208681782149,-0.320341448224757
1.27844351389474,-1.16075789508567,-0.491687362445149,-0.348565897478392,-0.107762980771894,-0.199164417325425,-0.0334062752432174,-0.124837976362329
-3.21655038097671,-0.114601315131568,0.0420776738679169,0.0916808260045222,0.30011059895663,0.248067845578948,0.112870523044132,0.0406250994381032
-4.63092763461652,-0.866543002600009,1.39322643646759,-0.150322252528705,0.174349161592211,-1.09596068137463,-0.170521922879834,0.110739317732132
2.52375304737314,-0.486340699199594,-1.5244713914129,0.04061636761105,0.390368876153822,0.105064313411845,-0.184128209890177,-0.0761135270738437
1.30510437595956,-1.12613350629096,-0.645567607587885,-0.393538311916833,-0.188335106904713,0.195689545478597,-0.0343637040474047,0.119520970872007
0.611913887829181,-1.34784713601817,-0.368024838733808,-0.413978701898417,-0.728136516281162,0.169787602879566,0.132472489872202,-0.0789216887108416
0.336704941322773,-1.10966928391182,-0.593528082091406,0.0727728892907907,-0.847449535689477,-0.340816581887477,0.071294417525306,-0.136199011865652
-3.00470087160417,-0.662499129845074,0.464661830326218,-0.566075335497116,0.234383505029013,0.367301113384619,-0.444960676139518,0.0350008945742718
0.558681528827665,-1.36080028731631,-0.0948617501828858,-0.360239844202935,-0.393109275257651,-0.375020315700611,0.178651101359429,-0.152328944209534
-0.14682286652104,-1.93771156030783,0.42259944230118,0.884908876513597,-0.208913734170868,0.330719298426021,-0.334578123396602,-0.290334098196145
-3.75144971742536,-0.693651380854934,0.524122932407589,-0.270614967641381,-0.16435305276137,-0.0307585130188296,-0.585098237657013,0.181387409266484
-0.532124839993015,0.257372867067114,-0.89853150189883,-0.257953552127861,0.0665757482214078,0.185309574814489,-0.066524678752,-0.150243870933593
0.606625110100113,0.635173216863737,-1.54768795590642,-0.595461247608889,0.458917536150617,1.95207081982741,0.618035124092512,0.123403509292715
-0.7195312365216,0.142095408096324,-0.775486559302553,-0.35565516133492,0.0738515975468228,0.213669433381357,-0.241468829593495,0.200090379366511
-1.10069335174801,0.405320449759368,-1.12000478387114,0.0705057973774559,-0.283152976294989,0.279041315034323,-0.0434648471619907,0.235546583425435
2.71710677288307,-1.06612446264961,-0.691139703347924,0.959797963590056,0.399124573967778,-0.0527975974009484,-0.164733918881339,0.0127682672341697
1.00216547538887,-0.0547542196685274,-0.934201744887305,-0.970419085260692,-0.0336014317920381,-0.28340043690981,0.116759721153962,-0.0565185416106927
3.0651085345876,-0.76930419740189,-1.10815293709576,1.26627599892486,0.562001474248913,-0.235163918012355,-0.342657969022839,0.031219164445829
0.934254288554452,0.080643896701075,-1.09413058492777,-0.823927701885645,-0.0597203580085436,-0.18500800606063,0.200475707890839,0.0799544728378035
-1.26290692498229,0.523809293013013,-1.07176164276664,0.224915211964584,-0.260465521059402,0.200127612048967,0.375354222455598,0.0261986223457259
-1.22586089300156,0.620327666894423,-1.2258885751555,0.403469423330245,-0.203786735350062,-0.0655727296311864,0.106625801564761,0.158628787996725
-1.08072432423205,0.367710415921231,-0.881221949941824,0.0280733747198675,-0.148749466641853,0.0590360341347105,0.250688627869057,-0.147128548398957
-2.79896644420282,0.204797978472477,-0.0333445567865528,0.241102517936211,0.211977297024073,0.201212280326089,0.0750317778380735,-0.32999532324695
-3.45558437305493,0.425062342568525,-0.14462720851835,0.678364046357395,-0.0262154454102055,0.0826451985916667,0.396905674436426,-0.156228789009964
-3.25877780647056,0.173028263546026,0.0791633615024751,0.345467768486007,-0.0215014117679559,0.128878366708225,0.238962136838272,-0.339124263910707
-2.94207993271278,0.636457899118946,-0.531861733878099,0.832208655171255,0.0147717114560724,0.0722523846999749,0.310604715801142,-0.471913210017225
-2.91494501856555,0.427106675076382,-0.370644406115032,0.63192864525886,0.0390563895443858,-0.0437699133016505,-0.0752171228890419,-0.318196954462758
1.67219299143072,-0.789974062510478,-0.467103845082442,-0.21137448254026,0.152375039677857,-0.262504549855539,-0.00409649622560274,-0.100747219483787
1.78215279956272,-1.00014794676689,-0.481021181142856,-0.538583067928414,-0.137589725942954,0.277274868281732,-0.151737958390681,-0.0863413541101574
1.34550415105896,-1.09430747585788,-0.175962529341744,-0.540536736471618,-0.201165231779027,0.140889693457205,0.125326108227784,-0.132514587093348
2.77878765028543,-1.49219611303555,-0.247834601272898,0.316667956372315,0.389193246198402,0.481156510136626,-0.139765822438893,0.0914066029100155
2.7842123572225,-1.01963664552467,-0.684665782047352,0.950902744012746,0.510876165271453,0.0154936863561724,-0.023424068156308,0.0157978537185673
1.24126020805157,-0.463379574623297,-0.487310884407409,-1.55462348081519,0.0559579027263763,-0.0895935884350584,0.0281986067575911,-0.231594727332717
1.49150287681288,-0.993323988361625,-0.496933772445403,-0.416929379794399,-0.336003384885039,0.208533287558439,-0.154578059803518,-0.0458831281688919
1.27627974570174,-1.15479340846292,-0.0714677420284336,-0.642466065633619,-0.147267803555047,0.258074606721081,0.163688175456284,0.0342635329517254
1.27019648164077,-1.68015678598233,0.135855812658926,0.649572313231025,-0.436668955399571,0.0277749525066261,0.0815450147723436,0.069608328959425
1.55140623894683,-1.6105652645616,0.0675120984748246,0.653105495843108,-0.241300878219492,-0.0292936417297102,0.0566435142484913,0.00491708552783393
2.06043944554273,-0.876239031750692,-0.398721196626361,-0.493576757192004,0.341998727648181,0.00571338381148129,0.0267000372623301,-0.168991505925906
-0.756861458067241,0.418929486513742,-0.632074293757228,-0.217845562907127,-0.0720607449191312,0.301056243294768,0.0667637474061325,0.012334389301482
-1.09750754202639,0.454538620764133,-0.585658361887285,-0.065718319040293,-0.149177459906221,0.153215106226113,0.144252817778657,0.121936254894977
-0.428561612581759,1.34777163582675,-1.98288861719448,0.794023941071595,-0.17024184902957,0.470682837441036,0.010048676966063,0.345468735602117
-0.442550045145226,1.03846270404059,-1.6637088219395,0.406874618242307,-0.178530161728983,0.62691471632158,-0.134652729550214,0.432118546947415
-3.91919696387341,0.120035064432606,0.950036382317011,0.220096342604946,0.170693650127073,-0.110563531115637,0.508967405445301,0.120281091354886
-3.17401114843925,0.487755719995229,0.174532213918156,0.471060034273164,0.117289161496654,0.177291006856015,0.280494704245165,-0.0599843912796488
-3.02460292462328,0.53356774039642,0.109690959709989,0.552617666406599,0.113678061705438,-0.0304344710878914,0.24421994814258,-0.349379790222437
-3.40837653706216,0.44548604617171,0.268811194004224,0.482310744910896,-0.0328424705586755,0.193532428621262,0.436688901659001,-0.147206259299072
-0.851799791274383,1.32153259889853,-1.68356440450269,1.05665028052796,-0.208595005196126,-0.393349418844692,0.117649461303946,-0.106258619203671
-1.16441742452466,0.951599140256475,-1.19403292041661,0.59797417744478,-0.319653007634152,-0.01627440323457,0.298531200100455,0.0166265847687061
-1.16747181157663,0.974502902821968,-1.30801467988621,0.670209749662946,-0.358592702400617,-0.0950693099757947,0.0547843247005574,0.170003730072643
-0.765589328191893,1.02388951023352,-1.30904509209808,0.559039505066993,-0.144812268199559,0.0353980075356269,0.297499510107031,-0.133715553493254
-0.818040315015459,0.169023256063913,-0.249635243850994,-0.457222124863997,0.096433039170032,0.0351383490572364,-0.123095039237621,0.0790648880724021
-1.69823060475049,0.158115118678297,0.164795081439698,-0.377346993790861,0.594404916755771,0.71363260884587,-0.370119370392917,-0.247927689593047
-2.51142082826162,-0.164767399587071,0.368994952698632,-0.475644650936182,-0.0360191958210115,0.824344510948948,-0.686823281510554,0.131810509316675
2.13178084053926,-1.33705854000981,0.12189040089323,0.577936134194233,0.0247659995849841,0.170297899083793,0.050719842959132,0.026366636737531
0.768890299909591,0.238513768915877,-0.949354912755369,-0.706264905965206,-0.362596549728531,-0.232740336520152,0.100593303005148,0.071804228494247
-0.617838448576511,0.32833161437675,-0.566597511456008,-0.335786546659651,0.0852147187177505,0.191362191038684,-0.234820273833582,0.195709476363297
0.984650438434909,0.485301930185757,-1.30588033529403,-0.457218667647072,-0.290663679494609,-0.26858536834014,0.0141530625580431,0.133518867044824
1.03643234929223,-1.67109144684257,0.642075957363351,0.486945552406309,-0.55967884481403,0.196931830471718,0.345596371680445,0.072397501510999
1.68012012316311,-0.606725635200471,-0.526649133356734,-0.18329009548351,-0.296279572231101,0.164851461001557,-0.0846173807544269,-0.0660700582268689
1.49839005572292,-1.17041603148518,-0.127045301059093,1.07605948732236,-0.459400285421289,-0.133904864240431,-0.0334296681209997,0.0977591143712664
-0.620574779670915,0.0301906521214267,-0.382272296253913,-0.654641792288225,-0.334701076913403,0.434239821667298,-0.213900530580609,-0.309924852471986
1.78360589956647,-1.04829618710135,0.155216274174238,-0.818855659373641,0.0397220444661573,0.252348092627614,-0.0280372225994228,-0.0562479612816116
-0.614447694806099,0.592291822778548,-0.874636230345632,-0.0570960456737771,0.00381635482369684,0.314615987660031,0.0156230192042888,0.120668755359747
0.876958639362601,-0.799729940249591,-0.102512063714923,-0.149901374626652,-0.597913741391638,-0.0923167564267473,0.159434485879565,-0.117799623098363
0.992874195306318,-0.381894006086577,-0.568368798024851,0.309523856425655,-0.538584046886886,-0.155970817069358,0.334956314095391,-0.13759692558509
0.606359691130926,-0.827561086307531,-0.00344684409908438,-0.119664334548876,-0.738957708255382,-0.0759139596036531,0.352072957442521,-0.18061100889956
0.622511309939611,-1.09715695263043,0.423028358255589,-0.39061589785033,-0.491416458339799,-0.424419022131782,0.128645730948367,-0.158497546726831
2.89303143670575,-1.09118536148407,-0.196889384656524,0.58541146616971,0.548663766511783,0.302951434504298,-0.0316772506349795,0.151370912719845
1.46094198314186,-0.543781411476287,0.0839235171129247,-0.218980688531486,-0.156725282641378,-0.15206964099666,0.138209824250416,-0.114777138286558
1.57606831924165,-0.37245720377244,-0.362203930062691,-0.0135032180447525,-0.311633271872082,-0.02458389505014,-0.205216818205134,0.147640068787249
0.667850340364895,0.0423741849789524,-0.194721336863955,-1.09553335716671,-0.340049559341098,-0.276688469513732,0.119865664773752,0.0256426881554303
1.43365355724167,0.415964029746499,-0.883115232090052,-0.79456353385459,-0.188316204156844,-0.323811761510662,-0.230361898807182,-0.097982698571912
1.57029130483687,-0.644758141724621,0.0605237169064918,-0.360539076740045,-0.225446337259683,-0.0150781067753523,-0.0920700350630577,-0.0314664798830936
-2.75148532553912,0.429017494951342,0.585942442377006,0.119469310675916,0.15429196292479,0.267063592880549,0.17719340770789,-0.350201577226545
-2.96408568207766,0.391821337554821,0.598687736929257,0.180411618036896,0.0306132714232325,0.151831964054003,0.0302678930217398,-0.231148365564214
-2.44350035214605,0.566900770800569,0.188242380363542,0.149042573645014,0.085516290238624,0.67721347674846,0.0138796907728423,-0.163130625910527
-3.22152296271192,0.387505736018989,0.624077271159469,0.219037367371007,-0.0299841908885946,0.215043848927611,0.0399001735101223,0.0322873124571656
-0.641888659837012,0.493683564434352,-0.18807475891791,-0.336113403841612,0.100325658344046,0.151010060473995,0.097426065298507,-0.0254628194294774
-0.934904183827701,0.390998013504284,0.0599492794969728,-0.412964772775401,0.11008415987858,0.14103895333046,0.245960087938692,0.0902186287944468
0.060665945416967,0.843678664124296,-0.728399237619143,-0.125421314969162,0.373887963989363,0.230158931044141,-0.0193018829308446,-0.0758996462760144
-0.26497167342823,0.857120889981174,-0.704174942525739,-0.0075571644617195,0.292210204345596,0.137083040456101,-0.0455344310888643,0.151210107701288
2.43696180066283,1.18496537335091,-1.92282922415677,-0.173534962376586,0.313177926769222,-0.336932069658102,-0.361085072746637,-0.00640690114962566
2.01239539748583,1.15688569137756,-2.01078244318004,-0.0425351084244432,-0.114428103015202,-0.282494213552187,-0.457268218187882,0.0932478225613134
1.86118226452334,-0.840127806666518,0.282417574751354,-0.753243965124106,-0.0335454417661457,0.257746326741155,-0.0801770898459723,-0.0351160302014901
2.9417318297312,-0.931135372702213,-0.00458937396766113,0.594175525188953,0.465001990943633,0.335386646504256,-0.0655412971348583,0.165959634277459
-0.718531567873969,0.953649318674739,-0.753511035424109,0.282168906625371,-0.0738908656822475,0.00108147953966747,0.246656174085266,-0.12642179281714
-0.34796707762189,1.55855280706575,-1.65911030932247,0.857935975669807,-0.00714149019650739,0.234127984720017,0.144130600696312,0.243687225810675
-1.13268216896981,0.694814098327985,-0.405227701142459,0.0809284117682525,-0.217750446136314,0.0262305860485462,0.224639378967631,0.0457717065518722
-0.698176408084666,0.894609963847038,-0.884267380490633,0.184405513554398,-0.123267585313743,0.253110465692269,-0.149939333084243,0.381392240495523
1.70887341792272,-1.1808829831911,0.7444163594307,-1.16844699546522,-0.0203506650377158,0.408966562535486,-0.0362139541003026,0.0155173222868264
2.61829736650926,-1.02151282858875,0.145735994611017,0.656519670871854,0.266619719384237,0.0723804819035008,-0.0716202573541182,0.0117261393943249
2.18666842587024,-1.10771036104306,0.167334825493213,0.688164143638349,-0.132653811561719,0.203632051143859,-0.0627932703988026,0.0743183273640297
0.816438049542909,-0.085631015398202,0.0243999252577738,-1.43375036285604,-0.193653125785673,0.156830572309972,0.427872798732359,0.0112009482804725
0.508219039416744,-0.425104500919232,-0.133331457827243,0.263110482899933,-0.981385487129135,-0.158514927675804,0.321357743686061,-0.132218844103429
-2.97452533046638,0.340542919031878,0.435560722828026,0.162594915081512,-0.203498401519868,0.287205415423114,-0.303528840048334,-0.0714137184435981
1.17567589433414,0.63108119652491,-1.60579105854067,1.43421679316096,-0.873439237507106,-0.419268437642297,0.124563896215234,-0.08836119904914
0.249812685997455,-1.01433940429636,0.381397795499633,1.35684753649216,-0.45854045497814,0.52406778605528,-0.378494392968773,-0.210634329459246
-0.691976912004778,0.0136801750054729,-0.231698297475652,1.10366549923008,-0.733251389960397,0.0282705814854624,0.100435885003447,-0.554332613057205
-3.53878049482777,0.228493587649046,1.02266747423017,0.219887112912485,0.0339980177003293,-0.360647660083544,0.0396536068642535,-0.141411421141642
-3.22408473050455,0.232728104921098,0.694274438902815,0.000642244906485123,-0.158088909289441,0.499996833904887,-0.0401487274322783,0.111860805849437
-2.50773083084969,0.664714389180581,-0.0892488619549033,0.387340108025952,-0.126525656054659,0.504405201700347,-0.314637361928373,-0.093077205660688
-2.80948473130505,0.422462133385899,0.257701225554875,0.244704805615095,-0.146286209813085,0.229317366295213,-0.511661786843039,0.0266285771706769
2.7375189013405,-0.571917555253041,-0.0284565924189372,1.00463886341533,0.225517948433541,0.0242612529185637,-0.136505983371664,0.15038271449896
1.39670495589155,0.141149165647232,0.0828216485332965,-1.38517509790529,0.0567098210060558,-0.222212237704848,-0.0286957120428648,-0.0625758476952797
2.90494680280058,0.0919692634752354,-0.319103896288337,-0.078692602979441,0.709997794645735,-0.196240462093223,-0.143539539831476,-0.0478315852030967
0.971126301293532,0.214259749372304,-0.13204238778911,-1.0709957998196,-0.371481553816696,-0.395378600845812,-0.235383581587705,0.0182307633924279
2.75311737426161,-0.878458249153517,0.415682218913861,0.610342099853348,0.327116454654679,0.0501873193365581,-0.0850592465979277,0.0205066469640103
-2.63087991915266,0.422910929259757,0.887270216413647,-0.0558462037917007,0.0977110149318607,0.265551134216634,-0.166375883109534,-0.206920550342969
-1.59208974827378,1.57985490070537,-0.783715654772445,1.07110000375153,0.20411184036222,0.333439077201594,-0.171269967982007,-0.429159622848555
-2.79035153776083,0.682187635168746,0.567295661901727,0.310814319656926,-0.0517070387451694,0.234104641753832,-0.0676794564816102,-0.16106189351459
-2.5621728631303,0.945123842982872,0.188822481248627,0.530274517368392,-0.0906787353829612,0.414731438727884,0.088489149543866,-0.294610959490985
-1.04517418942813,0.86474703524207,-0.318895812847939,0.112318891930313,-0.364722186412754,0.0859620975142109,0.029394906628609,0.136846215987225
-0.677960734630291,0.937297830091992,-0.360775013154058,0.0920408116206524,-0.0940175144878317,-0.000804828676065766,0.0415592994390473,0.00215415564840403
-0.699765872847642,1.11758568273336,-0.621383545187974,0.314722128462958,-0.244372591795363,0.07084900459881,0.153202783214688,-0.0850161724489146
-0.630108367253954,1.33307372547329,-0.916857623184128,0.552054726035761,-0.151878796953499,0.0362770629922576,0.0197587616851158,0.196344692856322
-3.72587981605072,0.259734512420082,1.42761003453699,0.0665411482269322,0.0429274286394765,-0.184715074499357,-0.0234459079185871,0.323217079901946
-3.39704339782696,0.267466923110876,1.24232392051035,0.0118531642232654,-0.104871453459378,-0.0214327550548393,-0.0874392458556971,-0.0137119256817863
-3.79277326512358,0.423091690128421,1.23223745528459,0.355861473329846,-0.00745307223687106,-0.461009553143663,-0.108559113704499,0.292163281608145
-2.95293386460762,0.887480841148135,0.467564430342851,0.584343282829354,0.0775185053610289,0.0663799756712194,0.0801402454661862,0.0157413017456513
1.84045908208528,-0.635664814808555,0.441510496073084,-0.630790554943817,-0.103464297251834,0.104616684640623,-0.198509697447232,0.0281637904815946
0.72242299971703,0.460979811376766,-0.293092450315343,-0.790271804904276,-0.413841637352981,-0.260255732525511,0.192023295225218,0.0940679066092139
2.2667960001503,-0.629096370801023,-0.126100374166208,1.12373252316994,-0.35528749475073,0.145846645730033,-0.188434619221785,0.113401477042948
0.779902810530342,0.422947007855822,-0.214174963982313,-0.845431781949733,-0.363941591331224,-0.31336145778041,0.227718901536971,-0.0203099652781697
1.9015169916633,0.517151707008572,-0.490204168514192,-1.08951332774343,0.201002420633017,-0.116589796736718,-0.098735723362612,-0.0500275817294005
1.73682239278757,0.295462302648142,-0.0171932978213497,-1.25696526354205,0.39008851480838,-0.536410819231987,-0.0865725696768863,-0.165030507269907
2.50342317033719,-0.931709134739557,0.362077902736539,0.598509956004274,0.0214665624740668,0.303817563276601,-0.105720201230442,0.147810007438508
1.75731779425078,-0.626795012929396,0.5910530760565,-0.631781322876239,-0.0167311871507199,0.0543652080795028,0.0943654525395993,-0.11270197022797
0.563209777282256,-0.979085959940382,0.80641810719784,1.06267503284708,-0.275738934670511,0.717311922560134,-0.264748424762534,-0.271731551732551
0.581149562577554,-0.881179703838609,0.751579655062595,-0.467494335335335,-0.979990560346052,-0.0567431587245763,-0.0482751307157967,-0.0465657306237186
1.33763128586441,-1.52295044560873,0.880388362374901,0.440680714635933,-1.43994467013281,-0.191450494283642,0.240322022547994,-0.0738248897735997
3.57200577603339,0.871196100407192,-0.555473464394087,0.44687540742178,1.42641732229308,-0.566499321943494,0.135659296986741,-0.0441377301621598
2.07712186973177,0.241040457412862,0.469509314881371,-1.70950149424904,0.587599940134654,-0.147500600984741,-0.025565054540993,-0.0724627284078963
3.21250376237269,-0.223667511738092,-0.116996553115913,1.08282318064305,0.289657811838844,0.208273585123066,-0.120169447685856,0.0631728323691643
3.21757958327978,-0.341679352723286,0.422706153539144,0.950998617595002,0.841789618543451,-0.36212952738305,0.0819122949637619,-0.0692949014272879
3.04474713478203,-0.741925912694066,0.713416873334568,0.447088268780335,0.541968876052852,0.199282357788318,-0.0340827336032316,0.115566726812101
-1.39620776754257,1.04023349670057,0.240523163336285,0.137647940509104,0.38498503302843,0.595957492927951,-0.494154835736792,-0.230869527387229
-2.34514797103732,0.72134967154249,0.95527001454017,0.0244925678025912,0.292976095667669,0.254975326893972,-0.242618230576492,-0.0306397563003473
-2.19151176356159,0.605999875445475,1.04985878552694,-0.146858286655173,0.336396159006473,0.278185850457382,-0.345884700727783,-0.103679703933736
-0.515019072605699,1.50092966123072,-0.736115728376643,0.6134461386565,-0.23378449836199,-0.134963947912988,-0.0897592009572419,0.0413015090215639
-0.143657841617208,1.25350140433877,-0.56320551902173,0.19106518365734,-0.15114136043757,0.100463888431875,-0.263684735680233,-0.0612302882704869
-0.201086529390995,0.854804719430088,-0.118088415572643,-0.36633804348173,-0.207157595696018,0.536233019014132,-0.200935875208111,-0.00911096253857589
0.806364433884931,0.526942989907041,0.0212318643319426,-0.905077881074338,-0.487377104051089,-0.214162242885298,0.176899834324063,0.0108826358538963
-0.520060263305873,1.17364913002,-0.289910260671491,0.15348076259714,-0.169558883937877,0.0875989635843822,0.0244904209631958,-0.0152543921445675
-0.39992260451822,1.15514290037163,-0.39106147158324,0.0584756812814621,-0.192232652393241,0.349044188243657,-0.1031289722865,0.169580970766389
-0.699143578389878,0.926356191618174,0.051282672237867,-0.106861442662945,-0.195789414735145,0.120737110441044,0.033382673092961,0.0129873256704422
-0.134694015971026,1.02962491672642,-0.288171611461272,-0.163994765541528,-0.136535000150297,0.420217704040489,-0.14405234334341,-0.0445161356146125
-0.658277247454128,1.41284042961956,-0.62330714260073,0.568341147857281,-0.350717437060165,-0.168649826442508,-0.0613189905210819,-0.0529311748413403
-1.16001214032182,0.782359951092692,0.220359909148636,-0.110233940143983,-0.417968022441995,0.0211334704735438,-0.0843299894901138,0.209599125240817
-2.20441003098391,0.608873307096165,0.960070530220501,-0.0880174613560539,0.273482429899041,0.184794398615189,-0.58082076378869,-0.0029947377357202
-1.69295524497772,0.321938745300578,0.822788165070833,-0.289848570634687,-0.710461295564415,-0.686993765682495,-0.412289926410815,-0.125042855967525
-2.27588274168778,0.243367854800753,1.30886424281621,-0.560408007106304,0.142522334090967,0.544356365876715,-0.637248116857933,0.0529558798128117
-2.5553520362946,0.874985914975969,0.782542771763107,0.27299840347557,0.0773953119623679,0.268402868016818,-0.043090195290766,-0.140604868961881
1.78843382327121,0.617699544450505,-0.197755084980778,-1.09358200378423,0.0276164562352466,-0.129457752521652,-0.0817610543533163,-0.0902496389067267
1.52960199982321,-1.03845999619174,1.12568009889629,0.601342917685174,-0.423169750906219,0.0776072721823941,0.193736169467283,0.147334460696577
1.72714691148794,-1.0504626823963,0.999765578900137,0.590620972959278,-0.440996526324998,0.0193257238924176,-0.110985233905357,0.15507660604468
1.50813997785994,0.305016926785943,0.319686968934534,-1.42259382008952,0.0334893701158004,-0.125369851509062,0.0829628682381083,-0.137504357659879
1.29162603084026,-0.997582186423802,0.751315831503348,0.779591453539794,-0.994456157805918,0.313271849734743,-0.108171129878937,0.279143806349505
0.594626249235565,0.686415045914267,-0.217830659967875,-0.545640679906521,-0.620189070025199,-0.56485980475647,-0.0796204034632784,0.15430319167687
0.874748423320297,0.928511282900563,-0.511596844422945,-0.41779297801022,-0.51499848710712,-0.301113803773131,0.156159255669799,0.111591206764594
1.53290340756866,-1.01477592336559,0.833422080372238,0.709956245453009,-0.75979476776995,0.140849730151404,-0.149532325609086,0.164804611923873
0.559798538505975,-0.0443113862060781,0.224240984049826,0.35942403320135,-0.764014916286857,0.110558370119755,-0.295558439921468,-0.190245845852259
-0.554294861093788,-0.322354570018315,0.811460680683289,0.321225862528945,-0.872802559630361,0.285863435684866,-0.411401394257391,-0.347659161884023
0.781754342724798,-0.20833615823053,0.331133691140202,0.199252326377971,-0.993902866451506,-0.40985918491518,-0.138777943887029,-0.0615672293619913
-0.589090642523904,0.063944800316155,0.357818652882794,0.877762029858066,-0.934478677992673,-0.0505296028944758,-0.413807994621188,-0.418546517037242
2.13808102781089,-0.34994354171483,0.573104578227173,-0.574820432469151,0.0505506392403084,0.105905282037738,-0.0790751384417369,-0.0576654977503032
2.47102711088203,-0.691779566214334,0.48053144124848,0.731574645908752,-0.122123419972044,0.301468184705967,-0.0539776970185282,0.117479116487235
-0.668504765412427,0.974661856878281,0.399658456825544,-0.182025395749341,-0.2089900081303,-0.0411384415332285,-0.157528164759915,0.0488590171860386
0.0565285248383725,1.41935651847417,-0.482897203035407,0.130636932980394,-0.245639057303853,0.35933235564367,-0.37971969234416,0.0553083998059754
0.827921644485242,1.03113478908325,-0.322911570779853,-0.417843160819473,-0.791017826767735,-0.24978356519618,0.0685400934407702,0.0383982266955962
-0.231874288977017,1.51092971236023,-0.405798132093618,0.286156575053157,-0.171644393162191,0.242333815133058,-0.128293024024038,0.171811279834642
-0.57924719154348,1.20066817193213,0.0729712130883978,0.0750134556365376,-0.274957943677895,-0.0254595965510486,-0.126554949695115,0.000328321906233275
-2.0937940091608,1.28070964591822,0.489420759125521,0.487829716442214,0.0347608682667339,0.363666603680621,-0.338816977294079,-0.0593903179058815
-2.18000711036666,0.935260900044543,0.935164216134744,0.0507788069202556,0.033768128953755,0.54338987858248,-0.290023754895899,-0.0840340131526212
-2.64796954803115,0.978852559826218,1.03521046165482,0.205756481783547,0.00691168282311042,0.447814603113445,-0.130329874646256,0.197478729003606
-2.14997484538959,1.25177329993154,0.618532415277749,0.464604411651517,0.167037835239371,0.240261845733332,-0.319610236248616,0.0154737051430499
-2.81988590888147,1.2935227860793,0.791871319079244,0.733305691367561,-0.00659637002826083,-0.0804324337574636,-0.0266872511119884,0.0151029314779113
-2.67796783370572,1.15884186197345,0.784766473585181,0.478139773931519,-0.0743666011393192,0.309222310860998,-0.183793237519639,0.187010567420589
-1.71002424794959,1.14582114065896,0.594009876024539,0.23098616818881,0.166565208552903,0.394012214166211,-0.447941641097884,-0.289377026991746
-2.71470468971237,0.924265349106541,1.23332431597237,0.190053342703231,0.185829716366561,0.15276878858415,-0.156436143402504,0.218820441778124
2.16053251207496,-0.331756152128276,0.952698980331694,-0.747154216316926,-0.0130133775339558,0.197539381255904,-0.106046706602219,-0.0384035568448583
2.77622245220792,-0.752089392295767,1.09841263817633,0.349916486983479,0.178052980952711,0.30837117940332,0.0264545880904561,0.0131553334169525
1.92366102230317,0.392862812853856,0.711420865109526,-1.58439463976089,0.416704361732027,-0.383061587245425,-0.107814003293437,-0.123462397115735
1.11858189131215,0.648483227981063,0.301724517669651,-1.05289859693501,-0.393288434939658,-0.111102123162444,0.245186154686469,-0.130317942879459
0.988308706689933,1.17110527542212,-0.420771460957716,1.35445217296697,-0.117043797863126,0.000196617302289287,0.50292302942068,-0.0135721097616713
-1.76398779111772,1.72905304904158,0.290822401326688,0.851393130855953,0.79932875901608,0.0311089782263806,-0.086756529946022,0.226692627823801
2.15661885828685,1.74687199177967,-1.49862492364993,1.89894781484182,-0.129683111627608,-0.633883368441197,0.233916337723535,0.126767593786665
-0.324889238897649,2.40424010405907,-1.00931945325718,1.33454935457194,0.952562726011224,0.215322014879041,-0.571530124968057,-0.119784058320948
1.66815341716641,0.305778329347017,0.867105540657206,-1.71202733739114,0.234489473882045,-0.0343668158072669,0.258620318817309,-0.178604051615482
1.87044403847053,0.567975559447305,0.508457419734017,-1.4124883346007,0.329451628922629,-0.197155130235184,0.12259804222033,-0.124389978489118
3.02985837247976,-0.116246379669328,0.143291397371919,1.15281594977379,0.0912124386041471,0.0467494712618284,-0.261308975240876,0.108570690953721
2.40952729379907,-0.121322680729736,1.0002882223031,-0.610770782623611,0.494964471855949,-0.0834430368802889,0.240152574406317,-0.176976043407445
1.04603931519942,0.815267108156612,0.206632262931789,-0.803757190641795,-0.202895574810856,-0.420777874879146,0.171699217818122,0.094292378895861
-0.159457806299936,0.13572566502925,1.50525074498016,-1.36809412653234,0.267806100980445,0.01958828251725,-0.29229253379699,-0.325434050886389
-0.154527191372848,0.404917315465625,1.08449903023078,-1.00001538188309,0.119237041505121,-0.0432112878595974,-0.370102053881628,-0.305304623182522
1.08350367172285,0.372692787916129,1.00533748533582,-1.44206140472264,0.195792517131622,-0.387806869112035,0.424608842975456,0.00390010223279721
2.57262102749241,0.0703004431596045,1.37829756229146,-0.597996064735779,0.808648593351956,-0.3791072357805,0.30735565534932,-0.188373680267568
3.41958680757373,0.0487414376044735,0.612076267961425,0.992453560690147,0.619407448584191,-0.0736447319756687,-0.0475037393410813,0.0816005367486645
1.90994471383218,0.807974291332723,0.451391541197963,-1.26050477940754,0.0297960813464918,-0.122028331847073,-0.0747360160113036,-0.0992060974526597
3.08272921671103,-0.351143506879128,1.12739817942474,0.582091540864643,0.422679658347772,0.0815985447445572,0.0610573486279901,-0.0110810644774778
1.12886319291641,1.07080563153771,0.253723576833089,-0.673202235456395,-0.304497268109016,-0.425138509857197,0.0940149344830907,0.124677325221771
1.17593703032233,1.3587585982661,-0.17061344568528,-0.298229895744666,-0.456414150980034,-0.480322359468882,0.107771364456191,0.0178312752542367
1.13736544744327,1.7042537912518,-0.66053148418083,0.178126544850569,-0.578020689360074,-0.609040009498135,0.023734111723172,0.118915445357693
-0.207057998059904,1.78045699101457,-0.388414412517427,0.457481292728344,-0.376318619904334,0.257107107122261,-0.147715682463644,0.111076829215195
2.28518061205947,0.199811192504701,0.878274009526831,-0.275619833787293,0.15770182947552,-0.19840193214194,0.00374513373080279,-0.0832950578646146
1.86251157116413,-0.406076209998198,1.24569200620545,0.913010929115738,-0.334771886590316,-0.0114590357532663,0.291594538436238,0.116348555126103
2.41296393116872,-0.079943298221262,0.763735576082244,1.13940619755812,-0.101302307355413,0.0336029554115866,0.193533856830942,0.126110218081045
2.34354466345549,-0.531088552531145,1.62129932819968,0.610957105808718,0.317709157398564,-0.313798103728653,0.298672524529722,-0.00646921744052675
2.41612736671728,-0.526310353084944,1.28102627342103,0.573162645313581,-0.0873807006467158,0.215250181074019,0.109687357845495,0.0885462505885811
3.64960703419593,-0.0229967711143617,1.16109859793823,0.780871600245781,1.34029049900585,-0.48105295996492,0.380878784185048,-0.163589519424944
0.696623340033066,0.715846193461681,0.802276224302583,-0.965206979662904,-0.428967510737633,-0.525193574576311,0.194367791574453,0.0409273195549131
3.4913365182259,0.144392474922548,0.657867144408564,1.09978643633267,0.839361171191574,-0.33932482471198,0.0949125126441854,-0.0532534380954245
3.71978397653005,1.28879687202485,-0.209780573554665,0.562486423010886,1.36936930327138,-0.59903744310949,0.172208584020339,-0.0683850106591657
3.74872200291654,1.66608630492759,-0.672201393172919,1.04682226107929,1.31453826947032,-0.75822902614801,0.233908426304168,-0.119735453440315
2.19517599744059,1.20807051709123,0.0882105867909309,0.874264465109303,0.763292194816714,-0.248777404050602,0.367072180568267,-0.388162780414812
2.05553935161491,1.49640546718285,-0.589241772839356,1.33726847247269,-0.036734267149707,-0.390591138035875,0.571042371728534,0.054643243072461
3.23993164353178,-0.760875360547194,1.98479403894068,-0.055012339184505,1.06194184586356,-0.0376317002694347,0.324798889376168,-0.0729588739860602
3.74714750516785,0.667274453768539,0.312575448950235,-0.500004532258576,1.04610689673305,0.904172731125063,0.542587400732018,0.0415226283754489
2.94456792260245,-0.0805141095750067,0.674731356460206,0.99656750985274,0.16660756159153,0.0476189085404736,-0.0506681321245088,0.10446187495676
2.36622048601106,0.0506915746391143,0.705676634417784,-0.507991641968781,-0.209599924884577,0.376196681906417,-0.286692216257199,0.0894370903260776
0.49348299155872,-0.950403530176221,2.62683222991111,0.608014961569336,0.339544315564731,-0.0768680522062566,-0.021677214845703,-0.383221807662989
1.80627222485019,-1.19102044425918,1.61794514994378,0.146140649665487,-1.46544290703531,0.0794892902179334,0.0773487934905579,-0.0101035968497066
1.90572016250062,0.164193709567309,1.14386433534264,-0.233829674262382,0.196854330474246,-0.368187638199313,0.284872078996047,-0.0662592704540262
1.52721582673891,1.05885949577304,0.0153177498738234,-1.28171737946571,-0.633890350735839,1.68869289431889,1.07902393447494,0.114784710843554
2.62081591540422,-0.220345182617271,0.879838025703057,0.909325855354473,-0.00569475509799704,0.0990448137871441,0.0544840870833251,0.111086586436268
1.28299731263549,1.06858430575441,0.514449747163722,-0.898450806148735,-0.488810411756122,-0.173388992975173,-0.055868141115535,0.103005838022765
1.18746817784761,1.23201063208926,0.3559094467943,-0.683817398515435,-0.497427431371862,-0.211900606021309,0.02805796778641,0.189909046523321
0.863981307297613,0.879088439188935,0.811084914168696,-1.02397440734345,-0.644678563932172,-0.145110967329826,0.043104275201647,0.19079698117669
-0.193161525318666,0.71050573156463,1.33606197542767,-0.967585972591018,-0.352056509480156,0.272094834291253,-0.481595608706348,-0.229567612679106
1.20220563039285,0.612428256106204,1.22598754192932,-1.50410193310531,-0.306912356761203,-0.0382267499239692,0.123367575865665,0.0443136916460836
3.50566032273053,-0.131080973130242,1.20806434662666,0.547955851009467,0.576941617148515,0.125387897041905,-0.11595711390442,0.0591991201934837
2.62035383029253,1.12188373421639,0.637629480976789,-1.27805243050781,0.646049559248472,-0.361324455916791,-0.0989659786173505,-0.146842570862809
3.20043723618145,-0.290517288653102,1.24340057815199,0.4586515562344,0.174711557990761,0.338846005018732,-0.219842048142509,0.113801306788583
2.94738319304418,0.0331033765141711,0.82990393078853,0.975426259602693,-0.0482138140045198,0.162308875794593,-0.2004743180878,0.174951898447381
3.44485343754,0.292535407194727,0.637599265185084,1.16305748008068,0.43181217085747,-0.153576838895678,-0.208078235395824,0.0855420715898171
3.25508345633362,-0.0051440864490071,1.10684369962145,0.778833520726455,0.431725525830702,0.0582650858224921,0.0422359821177744,0.0327172213626702
2.91565574560519,-0.273965305757646,1.28821948238522,0.577432514389804,0.0508099873003164,0.227685486203852,-0.113687873246493,0.0938953056528705
2.03469331739581,0.963010017977522,0.816825501813607,-1.35974903943432,0.194877018689544,-0.0302271161980161,0.16937949317565,-0.110331788713288
2.23432575760387,1.11135287799277,0.525792732098538,-1.17512822580311,0.21363299360544,-0.163083644444247,-0.095093359371101,-0.0615931619174351
2.28505429630708,1.88615496400736,-0.61391926979417,-0.139318817153496,-0.105207987463826,-0.393078977174162,-0.239908481264501,-0.039691950841345
2.13125513056953,0.134663713087854,1.3291732571801,-0.537882586102694,-0.0667849610790246,0.108236113323767,0.0647455911440264,-0.0125856847219096
3.05298765114762,0.698067480071315,0.588723673879741,-0.474265465764907,0.280891479194537,1.32012684580925,0.806755778613425,0.0310760460299641
2.50196496211504,-0.483182796506105,1.6801389327532,0.408290655941487,-0.0489799090981982,0.247344503524674,0.122754010619952,0.0807522964968515
2.59791907719034,-0.0708948771154891,1.11399005008729,0.933442834382325,-0.10696630227951,0.0790003664409543,0.0525777102314362,0.100086134508518
2.01489360913433,-0.398692655080298,1.7316327403931,0.748998214512132,-0.20211712149789,-0.256021891955421,0.209001398066222,-0.0230520779011184
2.52870412664803,0.253448131810079,0.768289390101352,1.34631680834166,-0.138024498500202,-0.0164899955046651,0.204679842112542,0.116872358703412
1.78709400628324,1.37717381653004,-0.113623160083054,1.15574872575213,-0.387077387559407,-0.40613949464081,0.406595355917346,0.0176336494599081
1.4200962597356,1.42259770238061,0.234289840564631,1.18020220925056,0.444031633387906,0.129201235236437,0.0249950486274865,-0.445045865082981
0.467175043065658,-0.577072634674973,2.16365100223133,0.896146447804492,-0.341101249525027,0.472050109598775,-0.256408990182415,-0.195590138525227
0.557963020209425,-0.425736857604261,1.86470743824816,1.13675696550709,-0.490476891634127,0.326490556141116,-0.41395424728602,-0.343298612655633
-0.500639786878254,1.45781447077191,0.662219640372587,-0.0159458931792013,-0.28588990176141,0.0120708894431905,-0.0380368865620579,0.0116485794686521
-1.03560382073001,2.39069973620765,0.297762809909167,1.02830366835046,1.10922176854543,0.169084810643934,-0.105730081565022,0.34970588553052
0.0244028071305517,1.60462128331611,0.13177688497749,0.00934597102518664,-0.425333323493383,0.424606361201581,-0.345406982192122,0.0230522913810799
-0.416154520800057,1.64843795175545,0.152880172980638,0.120362176224251,-0.670648272787111,0.626163407117214,0.00496308463447514,0.0772046924340245
1.75466263022404,1.86298296736352,-0.122645577700642,-0.113271179945911,-0.45402205733787,-0.63540534316616,-0.275237754732428,-0.0448926760763187
1.59220002571274,1.70447958486597,0.0571675748002004,-0.276890411217864,-0.58788234190577,-0.50323901900926,-0.219565725073441,-0.0664634874916844
1.99791363502935,1.59500400714015,0.447642830125217,-0.571695884814918,0.0858176535614124,-0.743466514984978,-0.146282473770698,-0.0812291154876436
1.61974694487759,1.34156686947625,0.710446351537864,-0.817517505748467,-0.278662106281843,-0.403438726759405,0.0395115650006811,-0.147327793009531
1.44273950826495,1.31396549231952,0.689138268324258,-0.823653458844985,-0.395654253304455,-0.260208356337863,-0.020217122756312,0.0831941438969652
1.31321573718159,1.67098517271229,0.232755303562444,-0.299401692832885,-0.515639904708683,-0.473124466940424,-0.0635681461416136,0.181588722561891
0.973197808136454,1.40609841912129,0.472150277478004,-0.522240933624008,-0.909605134886872,-0.249110946350191,0.00579805474124422,0.0468217813300485
2.10492276301277,2.44696175892171,-0.999846445622027,0.0186990605462388,-0.624456211727634,1.19972828760092,0.727907628372444,0.322498666569486
2.54405502322226,0.455180352657175,1.37020656626723,-0.418783397938291,0.2055082681505,-0.0855403276675636,-0.116948428525095,0.073198605153227
3.31040856926028,0.284994759155565,1.09251934175856,1.00014279354557,0.311995467584227,-0.0799568430380584,-0.150531674481895,0.0963096435965503
2.98150893396452,0.133645667269982,0.993515105571545,0.942153986520326,-0.261820745264602,0.246731164925343,-0.373790310902902,0.200107629078197
2.28012432150598,1.10717458972548,1.15411508453165,-1.44573721926695,0.431086835234144,-0.129480443870742,0.180894713655225,-0.10982463050924
2.39073132332123,1.47697469702913,0.550272669243565,-0.911750962625175,0.296138150174817,-0.412241535738116,-0.121920670169999,-0.0889861344668651
2.52810775180878,-0.319141341710367,2.00353672664498,0.468665573591227,0.102918064824258,-0.0789738686706684,0.01551356230902,0.165681426945357
2.68626851737773,-0.276468983051212,1.91629940261626,0.423802403829566,0.0904401685200026,0.159256570995846,0.15382642260499,0.0662604601656989
2.84413714286375,0.123902648538584,1.29130503951123,0.902765584942216,-0.00467802755906209,0.125635508532131,0.0181412276446064,0.148523051139085
3.09030736798958,-0.232832454124508,1.81752228714612,0.354997569252413,0.306815055103128,0.18746079048693,0.0372044788241568,0.0388712522922401
2.86036348275374,-0.161874962434775,1.43769100011613,0.564005861852646,-0.230727749585584,0.39276380028681,-0.217860957242169,0.147062845548982
3.19153482209185,-0.0328351312876494,1.55781873377619,0.593655753970423,0.343609387558213,0.0770084640381433,-0.010050573113296,0.0519748357518496
0.168477182109009,1.571057279497,0.750536216769109,-0.146318087314395,-0.1720044161411,-0.126510159288574,-0.498946787301583,-0.186233707432376
0.757314265802935,1.9600585552117,1.03091021457699,-0.158778453125665,1.35222371901596,-0.243899843283091,0.328057306824234,0.273040678373077
0.958498892607154,1.06381693199368,0.966777093085474,-0.993002969613535,-0.697104312690994,-0.13695823291834,-0.0260191928759771,0.221897836005769
-0.315619260554166,1.3032449023671,1.0557349465518,-0.40116515932544,-0.351270129518919,0.15933676797782,-0.541619302126431,0.267728889783805
1.85714226678431,-0.316671839897439,2.06054613175784,0.65345278644826,-0.32322213343761,-0.0246214575486428,0.307185582168228,0.169174870478558
1.57461604126008,0.842114050044779,1.60247706577441,-1.53943708289385,0.18054295281105,-0.291053273931586,0.276817387667485,-0.0231249241703118
1.14352402837401,1.61262917846755,0.389606517875399,-0.351294727826194,-0.574170158191819,-0.426553158677778,0.16432109145343,0.0726582421580323
1.13936351634564,1.30121280054349,0.722047141796935,-0.761232797323595,-0.629506106849912,-0.190570418046051,0.150645236587388,0.025812417414426
4.01200296272693,2.10922943535399,-0.478664029927747,1.21089406441049,1.28452617905667,-0.876287704397666,-0.0825564858374187,0.0615404063003621
1.27733848758808,0.57120632810147,1.75258663075709,-1.78198594986317,-0.230537432850384,0.019806521152722,0.155869403979478,0.0409626375479644
1.70503096477833,1.7494328904373,0.0473074900645486,-0.316876134422749,-0.446202122065474,-0.370068194021642,-0.103864853067311,0.00268164133805578
1.86008782724477,1.91026083384462,0.00703591106222104,-0.158503162746508,-0.163114194830803,-0.641651134960657,0.00677270614281832,-0.0806763411538032
